{"charErrorRates": [0.5317206754906435, 0.209036969420356, 0.11090826106800547], "wordAccuracies": [0.26435045317220546, 0.5649546827794562, 0.7658610271903323]}